<?xml version="1.0" encoding="UTF-8"?>

<templates xml:space="preserve">

    <!-- <t t-name="dhx_gantt.gantt_action"> -->
    <t t-name="dhx_gantt.gantt_view">
        <!-- <button class="btn btn-primary">Click Me</button> -->
        <div class="o_dhx_gantt_root">
            <div class="o_dhx_gantt_header">
                <div class="">
                    <button type="button" class="btn btn-secondary o_dhx_zoom_out o_dhx_button_right">Zoom - </button>
                    <button type="button" class="btn btn-secondary o_dhx_zoom_in o_dhx_button_right">Zoom + </button>
                </div>
            </div>
            <div class="o_dhx_gantt">
            </div>
        </div>
    </t>
</templates>
